<?xml version="1.0" encoding="UTF-8" standalone="yes"?>
<addon id="repository.vstream"
       name="vStream Repository"
        version="0.0.1"
        provider-name="Venom">
    <extension point="xbmc.addon.repository" name="vStream XBMC Addon Repository">
    <dir>
        <info compressed="false">https://github.com/MaximeMaheswaran/Wawacity-Vstream/blob/main/addons.xml</info>
        <checksum>https://github.com/MaximeMaheswaran/Wawacity-Vstream/blob/main/addons.xml.md5</checksum>
        <datadir zip="true">https://github.com/MaximeMaheswaran/Wawacity-Vstream/tree/main/repo</datadir>
    </dir>
   </extension>

    <extension point="xbmc.addon.metadata">
        <summary lang="fr">Wawa-vStream Repository</summary>
        <description lang="fr">Installer vStream</description>
        <summary lang="en">Wawa-vStream Repository</summary>
        <description lang="en">Download and install vStream</description>
        <platform>all</platform>
    </extension>
</addon>
